Price,Close,High,Low,Open,Volume
Ticker,TCS.NS,TCS.NS,TCS.NS,TCS.NS,TCS.NS
Date,,,,,
2025-08-11,2919.599365234375,2928.3365153663553,2900.876599282036,2915.3746004762743,1884215
2025-08-12,2914.414306640625,2972.9829560524563,2906.253101394714,2919.791194448837,3358232
2025-08-13,2915.1826171875,2923.055733419127,2907.8856798255947,2915.086743648966,2148166
2025-08-14,2901.83642578125,2934.0970475783347,2898.7640190971856,2913.0700372499637,3342174
2025-08-18,2891.178955078125,2927.4723621732833,2883.6898021204543,2925.072007661826,2945609
2025-08-19,2895.979736328125,2904.429031301108,2891.083153648401,2891.1790271854784,2650784
2025-08-20,2975.095458984375,2979.7039520714934,2890.890836056874,2890.890836056874,4952358
2025-08-21,2978.93603515625,3005.2438266480435,2960.2132701020532,3005.2438266480435,3230726
2025-08-22,2932.27294921875,2972.3108139224278,2928.4323821601793,2962.997485687316,1593791
2025-08-25,3015.42138671875,3026.366909314735,2954.4523833109183,2964.245782645686,3448370
2025-08-26,3031.359375,3035.968102112831,2995.642150092357,3004.2834255253156,5522097
2025-08-28,2970.390625,3021.086158669707,2963.4776509563167,3019.645945976872,3116051
2025-08-29,2961.749267578125,2990.841610057071,2954.548204311535,2969.7184911417403,2271789
2025-09-01,2988.53759765625,3006.3002217717835,2966.8382982161247,2966.8382982161247,1246862
2025-09-02,2987.481201171875,3029.247369338668,2979.416103841445,2996.698656186325,2185229
2025-09-03,2974.0390625,3016.6692623196923,2964.917715899919,3005.1475613511693,1799774
2025-09-04,2972.310791015625,2993.7219990840686,2967.6061901689773,2991.8017155695825,1481391
2025-09-05,2926.80029296875,2979.703965451406,2907.885546409113,2973.655259644998,2802055
2025-09-08,2898.66796875,2942.7383816988513,2895.7875434746607,2928.4323632618416,2626187
2025-09-09,2927.856201171875,2938.0337976334035,2909.997705008497,2911.2459361835313,2489301
2025-09-10,2986.041015625,2998.2347696750494,2931.696895660388,2934.5773210773896,2079428
2025-09-11,2999.67529296875,3013.8854400458617,2986.13743275291,3013.8854400458617,2263446
2025-09-12,3008.50830078125,3023.198517586115,2996.6026359147436,3018.685897890405,1447167
2025-09-15,2987.865234375,3009.0844623500607,2972.5990732086116,3009.0844623500607,1732539
2025-09-16,3020.31787109375,3024.4465275211764,2985.176823514983,3003.323408916267,2573429
2025-09-17,3046.338134765625,3055.55535595913,3017.149681628776,3026.367137231914,2418271
2025-09-18,3050.08251953125,3075.334296666793,3035.392302577828,3058.0517436415034,2633138
2025-09-19,3042.881591796875,3053.731241896356,3018.6860633617807,3043.64975218093,4901694
2025-09-22,2951.28369140625,2983.0642419680353,2942.8343973150727,2971.6386491648127,3634901
2025-09-23,2940.338134765625,2957.9087764692863,2930.352753876681,2947.6353061603577,3177741
2025-09-24,2914.414306640625,2935.153463147022,2912.1100600997443,2928.432470591566,1625714
2025-09-25,2839.5234375,2908.8458671854296,2833.378623371756,2901.5486952997107,4974361
2025-09-26,2783.547119140625,2837.0269692313786,2776.057966398974,2823.7769658283983,3934636
2025-09-29,2780.66650390625,2812.5431618400235,2778.6501125486475,2799.7732301976002,3110035
2025-09-30,2773.273193359375,2799.101145742985,2770.1049132760872,2794.9724895498107,2253458
2025-10-01,2798.04541015625,2808.223007812976,2752.342797471782,2775.7701654990638,1952902
2025-10-03,2786.2353515625,2807.454578770542,2775.8660078142957,2807.454578770542,2899519
2025-10-06,2869.287841796875,2874.28076699856,2780.1868646812827,2786.3316788238635,2112774
2025-10-07,2855.173583984375,2884.745997894136,2837.699050349848,2875.624650921264,3062943
2025-10-08,2906.541259765625,2921.711547346886,2849.7009111158586,2856.4219038307547,4121889
2025-10-09,2939.665771484375,2943.794427641851,2899.6279098103037,2913.069893498166,3211304
2025-10-10,2907.597412109375,2947.635277630445,2887.0502372807746,2928.4324419455565,8817365
2025-10-13,2887.33837890625,2914.5104387736105,2878.6971026918,2906.349233459963,2866865
2025-10-14,2842.307861328125,2906.5412549765147,2837.699133735008,2900.5884226064827,3611416
2025-10-15,2862.06396484375,2871.6047262713414,2843.9459294866183,2863.220385125294,4282226
2025-10-16,2862.931396484375,2867.0754517571395,2836.332787245134,2862.160371154854,3251495
2025-10-17,2854.739501953125,2880.3746213869317,2848.1861401528254,2862.256586509825,4374683
2025-10-20,2905.81689453125,2913.333979311689,2870.4483153754104,2877.1943748710046,3133039
2025-10-21,2897.62548828125,2921.815026282457,2887.3137006926995,2921.1404673344027,310644
2025-10-23,2961.712646484375,2985.6130172427693,2925.958674375256,2944.172939856895,5564758
2025-10-24,2952.07568359375,2977.9035021252716,2947.3535359078196,2968.2662739630537,2684318
2025-10-27,2972.98828125,2981.9509500743798,2949.184375870237,2955.2558763824863,1946312
2025-10-28,2946.968017578125,2978.096312781555,2929.9101701396817,2964.4114953280427,3470737
2025-10-29,2946.678955078125,2964.4113606511696,2935.596142774,2946.96788369373,2895420
2025-10-30,2925.18798828125,2952.654089267939,2922.7786811771543,2938.4874105526364,2241536
2025-10-31,2947.064208984375,2956.1231088421955,2915.357824198127,2924.898585437403,1868085
2025-11-03,2907.359130859375,2947.06446508497,2900.80576844531,2936.367047373489,2194877
2025-11-04,2881.723876953125,2919.4055326440953,2868.039060214524,2910.0574685167057,2670720
2025-11-06,2901.6728515625,2914.2977142131544,2881.531139384038,2881.627605776501,2542721
2025-11-07,2883.26611328125,2895.0234851722394,2853.101540563387,2892.1323165785257,1830520
2025-11-10,2915.4541015625,2937.3305615709287,2883.4585523829414,2884.422275161144,1556656
2025-11-11,2936.46337890625,2944.847720230334,2908.5154176367123,2934.5359333014544,2806868
2025-11-12,3018.18701171875,3022.619995280987,2946.1969680097523,2948.991669923252,4460315
2025-11-13,2993.03369140625,3018.2831803470704,2989.4679642954256,3018.186949242595,1740435
2025-11-14,2993.322998046875,3000.1655239975616,2965.6642009169345,2977.9034333434784,2210794
2025-11-17,2989.660888671875,3010.188231818854,2974.626953832486,2993.323082448971,2232853
2025-11-18,2975.10888671875,2992.3594315179676,2966.338914722159,2989.4682629851,2548350
2025-11-19,3033.51025390625,3040.5454775036865,2971.639296317787,2984.6495543039355,3151053
2025-11-20,3030.715576171875,3049.7008686990343,3024.2586803244717,3033.79944214396,2700767
2025-11-21,3036.30517578125,3055.0013041600305,3021.463703354114,3030.715536432949,4177037
2025-11-24,3027.24609375,3063.578397230728,3017.4161679823073,3043.4366842823783,6703764
2025-11-25,3006.044189453125,3035.534202019235,3001.996600643867,3031.1974493056246,2737920
2025-11-26,3048.15869140625,3062.71099952004,3003.923909850209,3005.658657913636,2508527
2025-11-27,3022.81298828125,3064.6384631299097,3011.6337098367826,3064.6384631299097,2836233
2025-11-28,3023.680419921875,3033.124950840084,3011.6338843843378,3026.0897270293826,1616690
2025-12-01,3019.72900390625,3039.581788202742,3008.935355329588,3024.0657566161144,1747647
2025-12-02,3021.94580078125,3029.9447477765,3007.2007935969305,3017.416350282513,2512003
2025-12-03,3064.638427734375,3095.3810901757683,3025.125793917674,3026.089516693691,3952112
2025-12-04,3112.053466796875,3132.0989471151875,3071.769808666434,3078.13047294951,5025905
2025-12-05,3120.72705078125,3152.915532717371,3105.5001838412545,3112.824571063191,5244013
2025-12-08,3119.0888671875,3141.6398867746047,3092.2010949656524,3125.353065437683,2544725
2025-12-09,3091.91162109375,3116.3900838422614,3065.794641509269,3112.8243568679477,2734893
2025-12-10,3073.5048828125,3108.0062080861744,3062.807700289892,3108.0062080861744,1386849
2025-12-11,3076.106689453125,3092.0081155406747,3038.7144333046613,3088.7315521574005,1914362
2025-12-12,3103.669189453125,3106.078496384854,3070.131589906683,3081.696263178982,1146554
2025-12-15,3113.01708984375,3120.7268716204835,3081.310706400481,3094.6101270221197,1562190
2025-12-16,3088.828125,3103.187500999765,3075.3360054304358,3103.187500999765,1734623
2025-12-17,3101.0673828125,3119.4743477745933,3084.3949307247763,3084.3949307247763,1376350
2025-12-18,3161.78173828125,3168.5277977297296,3104.1510690788923,3110.897128527372,2307422
2025-12-19,3162.938232421875,3197.5357868591873,3159.854366515901,3179.3215200364916,3902511
2025-12-22,3204.28173828125,3207.8477007511456,3171.6116305486757,3189.9223631467994,2632816
2025-12-23,3189.92236328125,3199.4631245744913,3174.0209376032617,3199.4631245744913,2365420
2025-12-24,3198.595947265625,3206.4021959958864,3176.5267894381177,3184.236571775606,1367708
2025-12-26,3161.010986328125,3199.559900795541,3153.108505919085,3192.9103071634727,1176664
2025-12-29,3133.54443359375,3168.7203129805475,3125.2563240630398,3161.0105311971397,2079473
2025-12-30,3129.015380859375,3148.9643966982817,3121.9801570326194,3132.0992469072426,2807593
2025-12-31,3089.88818359375,3128.2444004402787,3082.467564635931,3122.462063286045,3362634
2026-01-01,3110.31884765625,3116.775978595714,3082.1781891606697,3098.368779137981,1255735
2026-01-02,3132.773681640625,3136.243177859361,3102.7055771191704,3116.6795578205924,1184324
2026-01-05,3099.42919921875,3129.2081416238766,3075.23966120166,3122.9439430034404,2341703
2026-01-06,3137.688720703125,3144.8201752673103,3088.7315556964636,3093.550169667909,2912325
2026-01-07,3176.044921875,3180.8635358265738,3106.271250685878,3125.2565425983025,1989442
2026-01-08,3087.671630859375,3167.6606296336045,3066.566193971062,3167.6606296336045,4159336
2026-01-09,3091.43017578125,3112.5356118812538,3075.239584998998,3075.239584998998,1938673
2026-01-12,3122.076416015625,3134.026484388671,3059.145271347969,3086.804068110982,2228342
2026-01-13,3149.446044921875,3161.0107182814413,3094.0319850739534,3127.2804209827063,5645341
2026-01-14,3076.684814453125,3141.736098705462,3067.529448521315,3141.736098705462,3539511
2026-01-15,3076.684814453125,3076.684814453125,3076.684814453125,3076.684814453125,0
2026-01-16,3146.54931640625,3161.464149941515,3111.519017760894,3159.0110444402844,4293470
2026-01-19,3104.258056640625,3159.600023336744,3092.973770842994,3128.2002715520307,3387562
2026-01-20,3044.10791015625,3100.7255406282875,3033.118044759914,3092.4832014713097,4499273
2026-01-21,3064.027099609375,3079.6287553253787,3024.188569033875,3041.8509292683366,2015150
2026-01-22,3091.305419921875,3100.7254411371077,3063.7326570458863,3090.9130188550284,2269827
2026-01-23,3103.178466796875,3134.578217290946,3092.875423666008,3130.457047950816,2068857
2026-01-27,3098.762939453125,3115.4440572399217,3071.2881572160486,3115.4440572399217,4279874
2026-01-28,3140.073486328125,3145.0776781720924,3111.1268393421374,3116.425451779539,2751234
2026-01-29,3085.41796875,3140.07335254898,3066.9708064954257,3140.07335254898,2457641
2026-01-30,3065.302490234375,3082.081828102924,3034.000959087629,3082.081828102924,3022068
2026-02-02,3110.1455078125,3138.0126916764966,3075.2131881532646,3138.0126916764966,2636272
2026-02-03,3164.800537109375,3287.1613923698505,3126.53209104895,3287.1613923698505,4366060
2026-02-04,2942.84375,3061.475843095512,2929.9893806035893,3061.475843095512,10852595
2026-02-05,2935.38623046875,2972.869637012123,2916.5464269268496,2933.9143670738968,3521545
2026-02-06,2886.422119140625,2929.0079343210614,2861.302223276454,2920.765595757455,4687389
2026-02-09,2892.8984375,2921.15826303242,2882.3991930324937,2903.5941220720847,2380318
2026-02-10,2928.61572265625,2955.109263473934,2888.2865702537815,2894.468444356794,3547763
2026-02-11,2855.21875,2941.76426862986,2849.723697569715,2924.1019081110685,3363513
2026-02-12,2698.51416015625,2825.977420921291,2688.603518515395,2815.9687988010764,10612156
2026-02-13,2641.7001953125,2662.110080925881,2536.5110796879476,2536.5110796879476,11168735
2026-02-16,2655.830322265625,2668.7826718221954,2620.898002964758,2649.3540277067937,2918730
2026-02-17,2666.427490234375,2708.228504276998,2644.6439610469733,2665.0538469624375,4209118
2026-02-18,2644.349609375,2678.7913077273606,2607.4550449905755,2678.7913077273606,2950820
2026-02-19,2627.66845703125,2697.140454434555,2616.5806115438327,2657.2039438116426,3238849
2026-02-20,2635.812744140625,2651.905259923164,2597.838718993336,2616.972941852777,2293482
2026-02-23,2626.0986328125,2653.2789947204583,2610.3005370564806,2635.616634548502,4699596
2026-02-24,2525.423095703125,2597.8388206557183,2513.255787797201,2591.460746119642,7798833
2026-02-25,2579.980224609375,2604.4130601353972,2546.3235684513456,2547.3048106742554,3621285
2026-02-26,2598.034912109375,2620.897903167908,2585.5731841435563,2600.2918170703697,3464267
2026-02-27,2587.92822265625,2638.168017666852,2576.8403768444346,2631.299321894741,5083717
2026-03-02,2564.4765625,2574.5834053591284,2531.8993684474203,2543.37985460111,3374385
2026-03-04,2539.2587890625,2585.5733762002424,2531.997452542583,2575.7609535201655,3446434
2026-03-05,2530.427490234375,2560.551578540278,2498.6350985020495,2551.229777430436,2960636
2026-03-06,2509.625244140625,2570.069622274581,2505.7002751879877,2523.7550365456814,3998643
2026-03-09,2479.991455078125,2511.9800468111703,2458.0117254929614,2482.542780637602,3653428
2026-03-10,2465.9599609375,2497.45769299971,2443.39138949283,2493.3365235176843,4323710
2026-03-11,2418.663818359375,2473.711601954393,2413.9540474182472,2461.0536733182116,2720664
2026-03-12,2396.5859375,2426.513825649523,2390.3060830242093,2413.6596961153996,2752075
2026-03-13,2365.284423828125,2400.0203033629555,2352.0376535639975,2391.287343235487,2466488
2026-03-16,2364.0087890625,2379.5124645789865,2321.7173916761253,2364.793830777467,3807907
2026-03-17,2346.8369140625,2374.6061161428333,2315.731584337639,2374.6061161428333,2993367
2026-03-18,2395.01611328125,2436.326267951688,2364.793804301608,2364.793804301608,3082388
2026-03-19,2311.806640625,2378.5311107279285,2306.115387909886,2371.6624152761565,2757060
2026-03-20,2345.7578125,2362.6351312433567,2319.8528734315287,2341.2440023374425,4206320
2026-03-23,2339.085205078125,2361.6537756859007,2303.956686393805,2320.6378037995523,3860515
2026-03-24,2353.803955078125,2389.7172776589064,2334.47353068287,2359.0045869106293,3420182
2026-03-25,2332.80517578125,2376.1762738846405,2325.3478785890734,2355.864368126978,5843778
2026-03-27,2344.97265625,2376.6668272056972,2340.262645780238,2358.8080275261386,4979411
2026-03-30,2314.652099609375,2353.0187649541185,2302.1903717438945,2330.5484146912077,6804756
2026-04-01,2363.027587890625,2425.630892660341,2352.9207445923203,2383.4374750291136,4132661
2026-04-02,2404.730224609375,2423.570027038862,2331.1370592120925,2341.24390183887,5378361
2026-04-06,2427.4951171875,2435.4432752720936,2402.2772391631793,2427.593337237373,2572417
2026-04-07,2492.1591796875,2496.182129281132,2402.0810908677395,2414.837240451596,4516550
2026-04-08,2511.195068359375,2531.899375247164,2492.453485493659,2523.755016821873,4769337
2026-04-09,2540.43603515625,2556.135910228672,2483.6222080623565,2506.092558435327,5628261
2026-04-10,2476.94970703125,2517.671257898199,2454.1849361455575,2517.671257898199,10480239
2026-04-13,2426.2197265625,2457.9136601554055,2423.6684008424363,2443.195026142192,3739587
2026-04-15,2506.9755859375,2510.9987747578325,2446.629190999006,2454.9697496490417,5261384
2026-04-16,2528.56298828125,2545.3423261167095,2510.0176060935014,2523.754997213638,3905403
2026-04-17,2533.076904296875,2540.4362212762385,2507.957006516208,2521.792618261851,2718206
2026-04-20,2531.212646484375,2545.3424392975157,2513.15764504414,2538.571963483115,2288558
2026-04-21,2561.532958984375,2564.9673069470045,2511.9802240950007,2511.9802240950007,2719959
2026-04-22,2490.88330078125,2531.6048516902206,2456.6380441545243,2531.6048516902206,5232045
2026-04-23,2474.49658203125,2511.489364373728,2469.0997500312283,2481.5614778281533,2509050
2026-04-24,2351.939453125,2458.0118361710306,2343.991534636913,2441.3307179215667,5107719
2026-04-27,2401.6884765625,2412.874541687738,2351.9393059532576,2351.9393059532576,5853425
2026-04-28,2398.8427734375,2440.349366669426,2381.867235359066,2398.155951805419,4508363
2026-04-29,2428.280029296875,2441.2323784506298,2401.688509360205,2405.024637022461,2835961
2026-04-30,2427.4951171875,2444.2744555611544,2392.26861608113,2432.4995485090735,3970446
2026-05-01,2427.4951171875,2427.4951171875,2427.4951171875,2427.4951171875,0
2026-05-04,2385.6943359375,2451.4375668418284,2379.512461835769,2447.2181772447047,2632358
2026-05-05,2381.769287109375,2414.24826083551,2366.952433771704,2384.4185931895904,3385720
2026-05-06,2389.717041015625,2424.6493574491965,2361.359238648924,2396.0951150032492,3147628
2026-05-07,2356.35498046875,2393.9366055534624,2353.018852732181,2392.4647422177254,5829594
2026-05-08,2349.486328125,2361.8500761970836,2330.548544505656,2353.0188960201936,3792199
2026-05-11,2348.014404296875,2369.699953108347,2326.5252955775945,2326.5252955775945,1975188
2026-05-12,2257.151611328125,2330.450360002076,2240.176072372522,2330.450360002076,6347884
2026-05-13,2230.16748046875,2265.8846032931383,2226.4387119283556,2262.7446759395275,3171843
2026-05-14,2203.8701171875,2222.513720137884,2165.012827845418,2222.513720137884,5633313
2026-05-15,2221.5322265625,2261.6649346543286,2209.7573207679993,2209.7573207679993,3410637
2026-05-18,2240.3720703125,2249.8900714309348,2209.953563101145,2221.5322685970373,3773336
2026-05-19,2283.448974609375,2333.0017090765828,2254.0117066090534,2256.857213357978,10394707
2026-05-20,2283.742919921875,2298.06915136111,2274.3231388707036,2280.3085723429836,2537422
2026-05-21,2283.546875,2292.0836345084317,2270.594525446405,2287.275643394801,3299087
2026-05-22,2273.832763671875,2296.106915322829,2264.805382686245,2287.373954930871,2617262
2026-05-25,2295.61328125,2313.415817804508,2280.496215777924,2312.3217190072714,3298364
2026-05-26,2263.78759765625,2315.205623652634,2260.008270887014,2295.613098349941,3587597
2026-05-27,2271.744140625,2283.0821217701528,2248.571147658945,2262.5943570616037,2653950
2026-05-28,2271.744140625,2271.744140625,2271.744140625,2271.744140625,0
2026-05-29,2246.58203125,2321.2726050840133,2222.81245602518,2278.507085795833,16331582
2026-06-01,2284.8720703125,2322.267132829976,2267.5670504720965,2271.5452382799426,7505095
2026-06-02,2433.556884765625,2443.9996279549005,2303.569644295269,2307.34897134468,11306127
2026-06-03,2229.475830078125,2379.9508308808004,2212.6680838914085,2379.9508308808004,15660062
2026-06-04,2228.77978515625,2240.8139007540485,2204.5129359355733,2229.4759194813155,4867263
2026-06-05,2186.9091796875,2259.4117976453776,2180.0469028924485,2250.560184151513,5019717
2026-06-08,2139.668212890625,2165.128711955583,2131.6125282744956,2158.1668832997775,6536734
2026-06-09,2139.2705078125,2162.145087858845,2121.169801728995,2162.145087858845,4148655
2026-06-10,2142.154541015625,2168.907999188303,2133.1043096144995,2139.568864676436,2848650
2026-06-11,2123.95458984375,2142.8509821277357,2098.494090484758,2115.4013888441136,3079815
2026-06-12,2149.61376953125,2156.177876796519,2126.3414670622496,2138.276030955957,2124656
2026-06-15,2150.21044921875,2180.046856932239,2147.525221086398,2180.046856932239,3337083
2026-06-16,2187.0087890625,2196.954258771743,2148.818282502735,2155.183285992923,3079898
2026-06-17,2210.8779296875,2218.8343055028395,2188.6994835403766,2196.9542720106556,2865010
2026-06-18,2191.285400390625,2201.927004470057,2170.101501243751,2196.9542695909468,3735188
2026-06-19,2113.412353515625,2126.341464384191,2048.6672473500757,2093.521413717831,13286502
2026-06-22,2116.197021484375,2145.237743488044,2109.434053749718,2120.5729308842238,4566101
2026-06-23,2048.368896484375,2102.4721508294924,2043.7938836114508,2099.4885101234904,6392736
2026-06-24,2097.49951171875,2109.1356624395376,2049.7612582514666,2049.7612582514666,4747277
2026-06-25,2083.27734375,2136.78401555451,2076.61392807904,2121.965363861958,4738903
2026-06-26,2083.27734375,2083.27734375,2083.27734375,2083.27734375,0
2026-06-29,2086.4599609375,2093.521341445675,2059.706744956766,2078.6031371123327,3412470
2026-06-30,2020.422119140625,2092.8251853118586,2007.791421498655,2078.60311543387,6848411
2026-07-01,1971.788818359375,2040.8104030555382,1966.0205187179013,2028.776408877907,4658295
2026-07-02,2056.82275390625,2065.5745732846704,1991.580373389582,1997.0503819057583,6040621
2026-07-03,2082.083984375,2105.0581154318793,2073.6303355251375,2088.5485393778363,4028819
2026-07-06,2046.3798828125,2081.5867473982344,2039.4180542258837,2078.6031065753987,2567386
2026-07-07,2084.669921875,2111.124724588052,2037.8266642409067,2038.8212111731864,4769048
2026-07-08,2046.2803955078125,2098.1956989000228,2037.6278854106638,2082.5813599967723,3666985
2026-07-09,2038.323974609375,2053.7394523387943,2005.006651774823,2046.280350211656,3791498
2026-07-10,2057.717529296875,2121.666943317309,2053.341620075063,2093.7200783959847,6714551
2026-07-13,2169.604248046875,2192.8765503750355,2053.8390761022306,2063.684994131224,12382622
2026-07-14,2188.60009765625,2215.850586742918,2167.1177865856457,2170.996422535663,9546290
2026-07-15,2189.199951171875,2202.89990234375,2145.39990234375,2174.10009765625,5426489
2026-07-16,2201.0,2231.39990234375,2187.800048828125,2206.0,5197595
2026-07-17,2269.0,2275.0,2215.10009765625,2224.800048828125,5615138
2026-07-20,2251.10009765625,2283.39990234375,2245.10009765625,2280.10009765625,2202693
2026-07-21,2221.10009765625,2259.89990234375,2218.5,2245.10009765625,2382160
2026-07-22,2208.300048828125,2226.800048828125,2201.0,2216.0,1599665
2026-07-23,2242.89990234375,2250.0,2193.60009765625,2204.0,2503539
2026-07-24,2254.300048828125,2264.300048828125,2205.10009765625,2205.10009765625,3211699
2026-07-27,2295.60009765625,2315.0,2272.39990234375,2286.0,4007292
2026-07-28,2398.0,2417.39990234375,2323.0,2325.0,8248513
2026-07-29,2446.60009765625,2475.5,2415.10009765625,2440.0,7169419
2026-07-30,2431.800048828125,2495.0,2423.0,2440.0,4901582
2026-07-31,2365.60009765625,2391.0,2326.10009765625,2385.0,4343683
2026-08-03,2473.699951171875,2473.699951171875,2383.0,2383.89990234375,3036839
2026-08-04,2460.0,2467.39990234375,2435.10009765625,2463.10009765625,2792792
2026-08-05,2413.0,2460.89990234375,2408.0,2460.0,3014409
2026-08-06,2373.0,2434.5,2368.5,2417.0,2729141
2026-08-07,2452.699951171875,2457.699951171875,2375.0,2375.0,4547979
2026-08-10,2425.699951171875,2472.89990234375,2423.5,2452.699951171875,2322023
